Loan Identification Number,Property Type Code,Occupancy Code,Loan Pupose Code,Note Type Code,Current Interest Rate,Pool Number,Original Loan Balance,Current Loan Balance,First Payment Date,Maturity Date,Current P&I Constant,Original Stated Term in Months,Foreclosure/Bankruptcy Code,LTV Ratio at Origination,State Code,Participation Code,Percentage Retained or Purchased,Interest Paid to Date,Amortization Type Code,"Institution, Branch, Investor or Servicer Code",Balloon Code,Last Appraisal Value,Negative Sign for Escrow Balance,Escrow Balance,Pledge Code,Lien Position,Payment Frequency Indicator,Delinquency History Flags,# of Times 30+ Delinq in Last 12 Months,Total Payment,# of Units,Interest Collection Code,Payment Type,Interest Only Expiration Date,Original Interest Rate,Index Code,Negative Sign for Margin,Margin,Next Interest Rate Change Date,Next Payment Change Date,Interest Rate Adjustment Period,Payment Adjustment Period,Periodic Rate Cap Percentage,Periodic Payment Cap,Lifetime Maximum Interest Rate Ceiling,Lifetime Rate Floor,Original P&I Constant,Original Index Value,Negative Amortization Limit %,Negative Amortization Code,First Rate Change Date,Interest Rate at Next Reset Date,Interest Rate Rounding Method,ARM Plan Code,ARM Convertibility Code,Mortgagor Last Name,Mortgagor First Name,Property Street Address,Property City,Property Zip Code,Property County Code,Underwriting Ratio 1,Underwriting Ratio 2,PMI Insurer Code,Origination Date,Other Data 1,Purchase Price of Property,Document Type Code,Buydown Type Code,Months to 1st Rate Change,Months to 1st Payment Change,ARM Look Back Period,Interest Rate Rounding Factor,Current LTV Ratio,Periodic Rate Floor Percentage,First Payment Change Date,Servicing Fee,Net WAC,Relocation Flag,Borrower Credit or Risk Grade,Other Data 2,Combined LTV,Other Data 3,Initial Periodic Rate Cap Pct,PMI Coverage Percentage,Section 32/HOEPA Flag,Senior Lien Amount,Current BPO LTV,Credit Score of Primary Borrower,BPO Value,BPO Date,Scheduled Balance,Scheduled Balance Paid Thru Date,Other Data 4,Product Code,Other Data 5,Prepay Penalty Flag,Prepay Penalty Term,Prepay Penalty Expiration Date,Prepay Penalty Code,Other Data 6
85670610,0,3,1,2,9.85,1,84150,83533.7,606,536,729.17,360,0,90,MO,,0,40701,2,,0,93500,,,,1,1,,0,,200,1,1,,9.85,10,,6,,,6,6,1,0,15.85,9.85,729.17,0,0,0,508,0,2,5,,,,,LEES SUMMIT,64063,95,0,0,,50605,CMLT06AMC1,93500,3,,9,10,45,0.125,,1,608,0.5,9.3338,,,,90,,2,,,,0,649,0,,83533.7,40701,,5,,Y,0,,,
97678437,0,1,3,2,8.5,1,260000,257690.37,706,636,1999.18,360,0,80,MA,,0,70701,2,,0,325000,,,,1,1,,0,,200,1,1,,8.5,10,,6,,,6,6,1,0,14.5,8.5,1999.18,0,0,0,609,0,2,8,,,,,LAWRENCE,1841,9,0,0,,50619,CMLT06AMC1,0,3,,22,23,45,0.125,,1,709,0.5,7.9837,,,,80,,2,,,,0,538,0,,257690.37,70701,,8,,N,0,,,
97416119,0,1,1,1,7.5,1,186400,185567.79,806,736,1226.65,360,0,80,CT,,0,70701,1,,0,233000,,,,1,1,,0,,200,1,1,,7.5,0,,0,,,0,0,0,0,0,0,1226.65,0,0,0,,0,0,23,,,,,NEW HAVEN,6513,9,0,0,,60607,CMLT06AMC1,233000,0,,,,0,0,,0,,0.5,6.9837,,,,80,,0,,,,0,603,0,,185567.79,70701,,23,,Y,0,,,
97982193,0,1,1,2,7.5,2,364000,362244.46,706,636,2395.38,360,0,80,NJ,,0,70701,2,,0,455000,,,,1,1,,0,,200,1,1,,7.5,10,,6,,,6,6,1,0,13.5,7.5,2395.38,0,0,0,608,0,2,22,,,,,METUCHEN,8840,23,0,0,,50626,CMLT06AMC1,455000,0,,10,11,45,0.125,,1,708,0.5,6.9837,,,,80,,2,,,,0,670,0,,362244.46,70701,,22,,N,0,,,
98100233,0,1,3,1,7.8,1,76500,75719.1,706,636,550.71,360,9,85,OH,,0,10701,1,,0,90000,,,,1,1,,0,,200,1,1,,7.8,0,,0,,,0,0,0,0,0,0,550.71,0,0,0,,0,0,9,,,,,CLEVELAND,44120,35,0,0,,50626,CMLT06AMC1,0,0,,,,0,0,,0,,0.5,7.2838,,,,85,,0,,,,0,617,0,,75719.1,10701,,9,,N,0,,,
97763676,0,3,1,2,9.95,1,67500,67053.9,706,636,589.87,360,10,90,WI,,0,90601,2,,0,75000,,,,1,1,,0,,200,1,1,,9.95,10,,6,,,6,6,1,0,15.95,9.95,589.87,0,0,0,608,0,2,5,,,,,MILWAUKEE,53206,79,0,0,,50623,CMLT06AMC1,75000,3,,10,11,45,0.125,,1,708,0.5,9.4337,,,,90,,2,,,,0,659,0,,67053.9,90601,,5,,Y,0,,,
97831275,0,3,1,2,9.35,1,99000,98315.14,806,736,821.64,360,0,90,WI,,0,70701,2,,0,110000,,,,1,1,,0,,200,1,1,,9.35,10,,6,,,6,6,1,0,15.35,9.35,821.64,0,0,0,708,0,2,5,,,,,MILWAUKEE,53210,79,0,0,,60606,CMLT06AMC1,110000,0,,11,12,45,0.125,,1,808,0.5,8.8338,,,,90,,2,,,,0,603,0,,98315.14,70701,,5,,Y,0,,,
146655907,2,1,3,1,9.99,1,90000,89320.16,506,436,789.15,360,0,90,PA,,0,70701,1,,0,100000,,,,1,1,,0,,100,1,1,,9.99,0,,0,,,0,0,0,0,0,0,789.15,0,0,0,,0,0,9,,,,,CENTERVILLE,16404,39,0,0,,30602,CMLT06AMC1,0,0,,,,0,0,,0,,0.5,9.4738,,,,90,,0,,,,0,612,0,,89320.16,70701,,9,,Y,0,,,
150319580,2,1,3,1,9.45,2,134900,133853.13,706,636,1129.4,360,0,95,IN,,0,70701,1,,0,142000,,,,1,1,,0,,100,1,1,,9.45,0,,0,,,0,0,0,0,0,0,1129.4,0,0,0,,0,0,9,,,,,SOUTH BEND,46628,141,0,0,,50609,CMLT06AMC1,0,0,,,,0,0,,0,,0.5,8.9337,,,,95,,0,,,,0,613,0,,133853.13,70701,,9,,Y,0,,,
150325348,2,1,3,1,9.1,1,80750,80114.37,706,636,655.56,360,0,85,NY,,0,70701,1,,0,95000,,,,1,1,,0,,100,1,1,,9.1,0,,0,,,0,0,0,0,0,0,655.56,0,0,0,,0,0,9,,,,,ROCHESTER,14619,55,0,0,,50605,CMLT06AMC1,0,0,,,,0,0,,0,,0.5,8.5838,,,,85,,0,,,,0,645,0,,80114.37,70701,,9,,Y,0,,,
85726495,2,1,3,2,7.99,1,106250,105097.04,706,636,778.89,360,0,85,KY,,0,70701,2,,0,125000,,,,1,1,,0,,100,1,1,,7.99,10,,6,,,6,6,1,0,13.99,7.99,778.89,0,0,0,608,0,2,5,,,,,SHELBYVILLE,40065,211,0,0,,50631,CMLT06AMC1,0,0,,10,11,45,0.125,,1,708,0.5,7.4737,,,,85,,2,,,,0,591,0,,105097.04,70701,,5,,Y,0,,,
98478274,2,3,3,2,7.28,1,221000,218503.78,706,636,1512.11,360,0,85,CO,,0,70701,2,,0,260000,,,,1,1,,0,,100,1,1,,7.28,10,,6,,,6,6,1,0,13.28,7.28,1512.11,0,0,0,609,0,2,8,,,,,SHAWNEE,80475,93,0,0,,50631,CMLT06AMC1,0,0,,22,23,45,0.125,,1,709,0.5,6.7637,,,,85,,2,,,,0,639,0,,218503.78,70701,,8,,Y,0,,,
85722536,2,1,3,1,8.75,2,119000,118597.97,706,636,895.09,360,0,85,GA,,0,70701,1,,0,140000,,,,1,1,,0,,100,1,1,,8.75,0,,0,,,0,0,0,0,0,0,895.09,0,0,0,,0,0,23,,,,,DECATUR,30032,89,0,0,,50619,CMLT06AMC1,0,0,,,,0,0,,0,,0.5,8.2338,,,,85,,0,,,,0,613,0,,118597.97,70701,,23,,N,0,,,
85503530,2,1,3,2,8,1,147000,145665.09,806,736,1078.64,360,0,60,FL,,0,70701,2,,0,245000,,,,1,1,,0,,100,1,1,,8,10,,6,,,6,6,1,0,14,8,1078.64,0,0,0,709,0,2,8,,,,,NORTH MIAMI,33161,86,0,0,,60605,CMLT06AMC1,0,0,,23,24,45,0.125,,1,809,0.5,7.4837,,,,60,,2,,,,0,519,0,,145665.09,70701,,8,,Y,0,,,
97402150,2,1,3,2,9.25,1,90000,89312.99,706,636,740.41,360,0,62.07,CT,,0,70701,2,,0,145000,,,,1,1,,0,,100,1,1,,9.25,10,,6,,,6,6,1,0,15.25,9.25,740.41,0,0,0,608,0,2,5,,,,,BRIDGEPORT,6610,1,0,0,,50618,CMLT06AMC1,0,0,,10,11,45,0.125,,1,708,0.5,8.7338,,,,62.07,,2,,,,0,534,0,,89312.99,70701,,5,,Y,0,,,
97286595,2,1,1,2,7.8,2,292000,289019.69,706,636,2102.03,360,11,80,CA,,0,100601,2,,0,365000,,,,1,1,,0,,100,1,1,,7.8,10,,6,,,6,6,1,0,13.8,7.8,2102.03,0,0,0,608,0,2,5,,,,,PALMDALE,93552,37,0,0,,50615,CMLT06AMC1,365000,3,,10,11,45,0.125,,1,708,0.5,7.2838,,,,80,,2,,,,0,751,0,,289019.69,100601,,5,,Y,0
98592678,2,1,3,2,9.7,1,333300,331880.56,806,736,2751.9,360,0,100,NJ,,0,70701,2,,0,333300,,,,1,1,,0,,100,1,1,,9.7,10,,6,,,6,6,1,0,15.7,9.7,2751.9,0,0,0,709,0,2,0,,,,,PLAINFIELD,7062,39,0,0,,60612,CMLT06AMC1,0,3,,23,24,45,0.125,,1,809,0.5,9.1837,,,,100,,2,,,,0,647,0,,331880.56,70701,,0,,N,0
98547516,2,1,1,1,11.8,1,44600,44400.78,706,636,451.91,360,0,20,AZ,,0,80701,1,,0,223000,,,,2,1,,0,,100,1,1,,11.8,0,,0,,,0,0,0,0,0,0,451.91,0,0,0,,0,0,9,,,,,PHOENIX,85033,13,0,0,,60607,CMLT06AMC1,223000,0,,,,0,0,,0,,0.5,11.2838,,,,100,,0,,,,0,635,0,,44400.78,80701,,9,,N,0
97415079,2,3,1,2,8.15,2,495000,490285.21,706,636,3684.03,360,0,90,MD,,0,70701,2,,0,550000,,,,1,1,,0,,100,1,1,,8.15,10,,6,,,6,6,1,0,14.15,8.15,3684.03,0,0,0,608,0,2,5,,,,,HUNTINGTOWN,20639,9,0,0,,50604,CMLT06AMC1,550000,3,,10,11,45,0.125,,1,708,0.5,7.6338,,,,90,,2,,,,0,644,0,,490285.21,70701,,5,,N,0
97297196,2,1,1,2,7.35,2,284000,283994.32,706,636,1739.47,360,0,80,AZ,,0,70701,2,,0,355000,,,,1,1,,0,,100,2,4,,7.35,10,,6,,,6,6,1,0,13.35,7.35,1739.5,0,0,0,608,0,2,17,,,,,PHOENIX,85023,13,0,0,,50608,CMLT06AMC1,355000,0,,10,11,45,0.125,,1,708,0.5,6.8338,,,,80,,2,,,,0,668,0,,283994.32,70701,,17,,Y,0
97416036,2,1,3,2,7.85,1,114000,112933.6,806,736,824.61,360,0,69.09,FL,,0,70701,2,,0,165000,,,,1,1,,0,,100,1,1,,7.85,10,,6,,,6,6,1,0,13.85,7.85,824.61,0,0,0,708,0,2,5,,,,,SAINT CLOUD,34769,97,0,0,,60605,CMLT06AMC1,0,0,,11,12,45,0.125,,1,808,0.5,7.3338,,,,69.09,,2,,,,0,587,0,,112933.6,70701,,5,,Y,0
97336713,2,1,1,2,7.8,2,256000,254865.19,706,636,1741.69,360,10,80,CA,,0,20701,2,,0,320000,,,,1,1,,0,,100,1,1,,7.8,10,,6,,,6,6,1,0,13.8,7.8,1741.69,0,0,0,608,0,2,22,,,,,SAN BERNARD,92405,71,0,0,,50615,CMLT06AMC1,320000,3,,10,11,45,0.125,,1,708,0.5,7.2838,,,,80,,2,,,,0,650,0,,254865.19,20701,,22,,Y,0
146345707,2,1,3,2,8.99,1,158000,156467.23,506,436,1270.17,360,0,83.6,DE,,0,70701,2,,0,189000,,,,1,1,,0,,100,1,1,,8.99,10,,6.75,,,6,6,1,0,14.99,8.99,1270.17,0,0,0,409,0,2,8,,,,,GREENWOOD,19950,5,0,0,,30630,CMLT06AMC1,0,0,,20,21,45,0.125,,1,509,0.5,8.4738,,,,83.6,,2,,,,0,516,0,,156467.23,70701,,8,,Y,0
98358872,2,1,3,2,9.25,1,139400,138335.94,706,636,1146.81,360,0,85,IL,,0,70701,2,,0,164000,,,,1,1,,0,,100,1,1,,9.25,10,,4.5,,,6,6,1,0,15.25,9.25,1146.81,0,0,0,609,0,2,8,,,,,COUNTRY CLU,60478,31,0,0,,60606,CMLT06AMC1,0,0,,22,23,45,0.125,,1,709,0.5,8.7338,,,,85,,2,,,,0,515,0,,138335.94,70701,,8,,N,0
98029275,2,1,3,1,8.25,1,85000,77467.73,806,736,638.58,360,0,58.62,IL,,0,80701,1,,0,145000,,,,1,1,,0,,100,1,1,,8.25,0,,0,,,0,0,0,0,0,0,638.58,0,0,0,,0,0,9,,,,,JOLIET,60435,197,0,0,,60607,CMLT06AMC1,0,3,,,,0,0,,0,,0.5,7.7337,,,,58.62,,0,,,,0,604,0,,77467.73,80701,,9,,N,0
97315030,2,1,3,2,7.6,2,209000,208017.93,706,636,1390.84,360,0,78.87,WA,,0,70701,2,,0,265000,,,,1,1,,0,,100,1,1,,7.6,10,,6,,,6,6,1,0,13.6,7.6,1390.84,0,0,0,608,0,2,22,,,,,EVERETT,98208,61,0,0,,50618,CMLT06AMC1,0,0,,10,11,45,0.125,,1,708,0.5,7.0838,,,,78.87,,2,,,,0,580,0,,208017.93,70701,,22,,Y,0
98031032,2,1,3,1,7.65,1,190000,188002.95,706,636,1348.08,360,0,74.51,MD,,0,70701,1,,0,255000,,,,1,1,,0,,100,1,1,,7.65,0,,0,,,0,0,0,0,0,0,1348.08,0,0,0,,0,0,9,,,,,RANDALLSTOW,21133,5,0,0,,50622,CMLT06AMC1,0,0,,,,0,0,,0,,0.5,7.1338,,,,74.51,,0,,,,0,620,0,,188002.95,70701,,9,,N,0
97685234,2,1,1,2,9.95,1,90220,89623.66,706,636,788.42,360,0,90,MO,,0,70701,2,,0,100245,,,,1,1,,0,,100,1,1,,9.95,10,,6,,,6,6,1,0,15.95,9.95,788.42,0,0,0,608,0,2,5,,,,,SAINT LOUIS,63121,189,0,0,,50625,CMLT06AMC1,100245,0,,10,11,45,0.125,,1,708,0.5,9.4337,,,,90,,2,,,,0,589,0,,89623.66,70701,,5,,Y,0
97745236,2,1,3,2,8.05,1,280000,277279.69,706,636,2064.31,360,0,80,CA,,0,70701,2,,0,350000,,,,1,1,,0,,100,1,1,,8.05,10,,6,,,6,6,1,0,14.05,8.05,2064.31,0,0,0,608,0,2,5,,,,,OAKDALE,95361,99,0,0,,60608,CMLT06AMC1,0,0,,10,11,45,0.125,,1,708,0.5,7.5338,,,,80,,2,,,,0,556,0,,277279.69,70701,,5,,Y,0
98362270,2,1,3,2,8.375,1,152000,151427.84,706,636,1099.88,360,0,79.58,IL,,0,70701,2,,0,191000,,,,1,1,,0,,100,1,1,,8.375,10,,4.5,,,6,6,1,0,14.375,8.375,1099.88,0,0,0,609,0,2,0,,,,,WAUKEGAN,60087,97,0,0,,50631,CMLT06AMC1,0,3,,22,23,45,0.125,,1,709,0.5,7.8587,,,,79.58,,2,,,,0,664,0,,151427.84,70701,,0,,N,0
97476634,2,1,2,1,8.7,1,62700,62481.86,706,636,469.22,360,0,95,OH,,0,70701,1,,0,66000,,,,1,1,,0,,100,1,1,,8.7,0,,0,,,0,0,0,0,0,0,469.22,0,0,0,,0,0,23,,,,,AKRON,44311,153,0,0,,50619,CMLT06AMC1,0,0,,,,0,0,,0,,0.5,8.1837,,,,95,,0,,,,0,614,0,,62481.86,70701,,23,,N,0
98328032,2,1,3,2,9.5,1,404000,401290.22,806,736,3397.06,360,0,69.3,CA,,0,70701,2,,0,583000,,,,1,1,,0,,100,1,1,,9.5,10,,6,,,6,6,1,0,15.5,9.5,3397.06,0,0,0,708,0,2,5,,,,,FONTANA,92335,71,0,0,,60606,CMLT06AMC1,0,0,,11,12,45,0.125,,1,808,0.5,8.9838,,,,69.3,,2,,,,0,518,0,,401290.22,70701,,5,,Y,0
95594396,2,1,3,1,8.6,2,77000,76328.69,706,636,597.53,360,0,79.38,TN,,0,70701,1,,0,97000,,,,1,1,,0,,100,1,1,,8.6,0,,0,,,0,0,0,0,0,0,597.53,0,0,0,,0,0,9,,,,,POWELL,37849,93,0,0,,50612,CMLT06AMC1,0,0,,,,0,0,,0,,0.5,8.0838,,,,79.38,,0,,,,0,620,0,,76328.69,70701,,9,,Y,0
98403439,2,1,1,2,8.7,2,384000,382574.72,706,636,2873.65,360,0,80,CA,,0,70701,2,,0,480000,,,,1,1,,0,,100,1,1,,8.7,10,,6,,,6,6,1,0,14.7,8.7,2873.65,0,0,0,608,0,2,22,,,,,TRACY,95377,77,0,0,,60609,CMLT06AMC1,480000,0,,10,11,45,0.125,,1,708,0.5,8.1837,,,,80,,2,,,,0,609,0,,382574.72,70701,,22,,N,0
98332158,2,1,3,2,9.25,1,106400,105648.75,806,736,875.33,360,0,95,NC,,0,70701,2,,0,112000,,,,1,1,,0,,100,1,1,,9.25,10,,6,,,6,6,1,0,15.25,9.25,875.33,0,0,0,708,0,2,5,,,,,CHARLOTTE,28215,119,0,0,,60605,CMLT06AMC1,0,0,,11,12,45,0.125,,1,808,0.5,8.7338,,,,95,,2,,,,0,606,0,,105648.75,70701,,5,,N,0
151625423,2,1,3,1,7.99,2,236970,232607.21,806,736,1737.16,360,0,90,MD,,0,80701,1,,0,263300,,,,1,1,,0,,100,1,1,,7.99,0,,0,,,0,0,0,0,0,0,1737.16,0,0,0,,0,0,9,,,,,WINDSOR MIL,21244,5,0,0,,60605,CMLT06AMC1,0,0,,,,0,0,,0,,0.5,7.4737,,,,90,,0,,,,0,677,0,,232607.21,80701,,9,,N,0
149874125,2,1,3,2,9.15,1,93000,92242.79,706,636,758.36,360,0,75.61,MS,,0,70701,2,,0,123000,,,,1,1,,0,,100,1,1,,9.15,10,,6,,,6,6,1,0,15.15,9.15,758.36,0,0,0,609,0,2,8,,,,,OCEAN SPRIN,39564,59,0,0,,50605,CMLT06AMC1,0,0,,22,23,45,0.125,,1,709,0.5,8.6337,,,,75.61,,2,,,,0,540,0,,92242.79,70701,,8,,Y,0
98010150,2,1,1,1,13.1,1,43500,43353.75,706,636,484.6,360,0,20,AZ,,0,70701,1,,0,217500,,,,2,1,,0,,100,1,1,,13.1,0,,0,,,0,0,0,0,0,0,484.6,0,0,0,,0,0,9,,,,,PHOENIX,85032,13,0,0,,50626,CMLT06AMC1,217500,0,,,,0,0,,0,,0.5,12.5838,,,,100,,0,,,,0,581,0,,43353.75,70701,,9,,N,0
151626546,2,3,3,1,8.15,1,229000,226806.99,706,636,1704.33,360,0,89.98,CA,,0,70701,1,,0,254500,,,,1,1,,0,,100,1,1,,8.15,0,,0,,,0,0,0,0,0,0,1704.33,0,0,0,,0,0,9,,,,,BAKERSFIELD,93304,29,0,0,,50631,CMLT06AMC1,0,0,,,,0,0,,0,,0.5,7.6338,,,,89.98,,0,,,,0,673,0,,226806.99,70701,,9,,Y,0
97836431,2,1,3,1,8.5,1,91200,90449.66,806,736,701.25,360,10,95,OH,,0,90601,1,,0,96000,,,,1,1,,0,,100,1,1,,8.5,0,,0,,,0,0,0,0,0,0,701.25,0,0,0,,0,0,9,,,,,CLEVELAND,44105,35,0,0,,60605,CMLT06AMC1,0,0,,,,0,0,,0,,0.5,7.9837,,,,95,,0,,,,0,608,0,,90449.66,90601,,9,,N,0
97669030,2,3,3,2,7.5,1,192000,189921.89,706,636,1342.5,360,0,80,NV,,0,70701,2,,0,240000,,,,1,1,,0,,100,1,1,,7.5,10,,6,,,6,6,1,0,13.5,7.5,1342.5,0,0,0,608,0,2,5,,,,,NORTH LAS V,89032,3,0,0,,50623,CMLT06AMC1,0,0,,10,11,45,0.125,,1,708,0.5,6.9837,,,,80,,2,,,,0,632,0,,189921.89,70701,,5,,Y,0
98222912,2,3,1,2,9.55,1,63000,62539.2,706,636,532.04,360,0,90,IN,,0,40701,2,,0,70000,,,,1,1,,0,,100,1,1,,9.55,10,,6,,,6,6,1,0,15.55,9.55,532.04,0,0,0,608,0,2,5,,,,,SOUTH BEND,46613,141,0,0,,50631,CMLT06AMC1,70000,3,,10,11,45,0.125,,1,708,0.5,9.0337,,,,90,,2,,,,0,629,0,,62539.2,40701,,5,,Y,0
146069588,2,1,3,2,9.85,1,228000,226108.45,406,336,1975.64,360,0,95,TN,,0,70701,2,,0,240000,,,,1,1,,0,,100,1,1,,9.85,10,,6,,,6,6,1,0,15.85,9.85,1975.64,0,0,0,308,0,2,5,,,,,MOUNT JULIE,37122,189,0,0,,20622,CMLT06AMC1,0,0,,7,8,45,0.125,,1,408,0.5,9.3338,,,,95,,2,,,,0,633,0,,226108.45,70701,,5,,N,0
150598704,2,1,3,2,8.85,1,209000,207269.59,706,636,1659.16,360,0,95,CT,,0,70701,2,,0,220000,,,,1,1,,0,,100,1,1,,8.85,10,,5.75,,,6,6,1,0,14.85,8.85,1659.16,0,0,0,608,0,2,5,,,,,WINDSOR LOC,6096,3,0,0,,50612,CMLT06AMC1,0,0,,10,11,45,0.125,,1,708,0.5,8.3338,,,,95,,2,,,,0,629,0,,207269.59,70701,,5,,Y,0
150795128,2,1,3,2,6.8,1,415000,409859.85,706,636,2705.49,360,0,81.84,CA,,0,70701,2,,0,507100,,,,1,1,,0,,100,1,1,,6.8,10,,5.25,,,6,6,1,0,12.8,6.8,2705.49,0,0,0,609,0,2,8,,,,,MENIFEE,92584,65,0,0,,50609,CMLT06AMC1,0,0,,22,23,45,0.125,,1,709,0.5,6.2838,,,,81.84,,2,,,,0,671,0,,409859.85,70701,,8,,Y,0
148626849,2,3,3,2,8.6,1,140000,137974.43,506,436,1086.42,360,0,65.12,IL,,0,70701,2,,0,215000,,,,1,1,,0,,100,1,1,,8.6,10,,4.25,,,6,6,1,0,14.6,8.6,1086.42,0,0,0,408,0,2,5,,,,,CHICAGO,60639,31,0,0,,30627,CMLT06AMC1,0,0,,8,9,45,0.125,,1,508,0.5,8.0838,,,,65.12,,2,,,,0,620,0,,137974.43,70701,,5,,N,0
97561195,2,1,1,2,9.15,1,83250,82601.37,706,636,678.86,360,0,90,MO,,0,70701,2,,0,92500,,,,1,1,,0,,100,1,1,,9.15,10,,6,,,6,6,1,0,15.15,9.15,678.86,0,0,0,608,0,2,5,,,,,KANSAS CITY,64119,47,0,0,,50612,CMLT06AMC1,92500,0,,10,11,45,0.125,,1,708,0.5,8.6337,,,,90,,2,,,,0,574,0,,82601.37,70701,,5,,Y,0
97045272,2,1,3,1,7.7,1,82800,81938.07,706,636,590.34,360,0,84.49,SC,,0,70701,1,,0,98000,,,,1,1,,0,,100,1,1,,7.7,0,,0,,,0,0,0,0,0,0,590.34,0,0,0,,0,0,9,,,,,COLUMBIA,29204,79,0,0,,50619,CMLT06AMC1,0,0,,,,0,0,,0,,0.5,7.1837,,,,84.49,,0,,,,0,563,0,,81938.07,70701,,9,,N,0
97589998,2,1,3,2,7,1,279000,277454.04,706,636,1733.8,360,0,90,MD,,0,70701,2,,0,310000,,,,1,1,,0,,100,1,1,,7,10,,6,,,6,6,1,0,13,7,1733.8,0,0,0,609,0,2,0,,,,,PASADENA,21122,3,0,0,,50624,CMLT06AMC1,0,0,,22,23,45,0.125,,1,709,0.5,6.4837,,,,90,,2,,,,0,663,0,,277454.04,70701,,0,,N,0
151527165,2,1,3,2,7.75,1,232650,232650,706,636,1502.53,360,0,90,AZ,,0,70701,2,,0,258500,,,,1,1,,0,,100,2,4,,7.75,10,,5.5,,,6,6,1,0,13.75,7.75,1502.53,0,0,0,608,0,2,17,,,,,GLENDALE,85302,13,0,0,,50630,CMLT06AMC1,0,0,,10,11,45,0.125,,1,708,0.5,7.2337,,,,90,,2,,,,0,646,0,,232650,70701,,17,,Y,0
97597272,2,1,1,2,9.6,2,106200,105237.57,706,636,900.75,360,0,90,TX,,0,80701,2,,0,118000,,,,1,1,,0,,100,1,1,,9.6,10,,6,,,6,6,1,0,15.6,9.6,900.75,0,0,0,608,0,2,5,,,,,FORT WORTH,76179,439,0,0,,50617,CMLT06AMC1,118000,3,,10,11,45,0.125,,1,708,0.5,9.0838,,,,90,,2,,,,0,585,0,,105237.57,80701,,5,,Y,0
151156262,2,1,3,2,7.95,1,225000,225000,706,636,1490.63,360,0,89.07,AZ,,0,70701,2,,0,252597,,,,1,1,,0,,100,2,4,,7.95,10,,5.75,,,6,6,1,0,13.95,7.95,1490.63,0,0,0,608,0,2,17,,,,,GLENDALE,85308,13,0,0,,50626,CMLT06AMC1,0,0,,10,11,45,0.125,,1,708,0.5,7.4337,,,,89.07,,2,,,,0,627,0,,225000,70701,,17,,Y,0
150913564,2,1,3,1,8.7,1,106534,102288.16,706,621,1061.61,180,0,70,PA,,0,70701,1,,0,152192,,,,1,1,,0,,100,1,1,,8.7,0,,0,,,0,0,0,0,0,0,1061.61,0,0,0,,0,0,2,,,,,CHAMBERSBUR,17201,55,0,0,,60601,CMLT06AMC1,0,0,,,,0,0,,0,,0.5,8.1837,,,,70,,0,,,,0,592,0,,102288.16,70701,,2,,Y,0
151141785,2,1,3,2,7.65,1,305900,302684.71,706,636,2170.41,360,0,89.97,MA,,0,70701,2,,0,340000,,,,1,1,,0,,100,1,1,,7.65,10,,5.75,,,6,6,1,0,13.65,7.65,2170.41,0,0,0,608,0,2,5,,,,,LEOMINSTER,1453,27,0,0,,50611,CMLT06AMC1,0,0,,10,11,45,0.125,,1,708,0.5,7.1338,,,,89.97,,2,,,,0,629,0,,302684.71,70701,,5,,N,0
149958720,2,1,3,2,9.5,1,117600,116747.09,706,636,988.85,360,0,70,PA,,0,60701,2,,0,168000,,,,1,1,,0,,100,1,1,,9.5,10,,6.75,,,6,6,1,0,15.5,9.5,988.85,0,0,0,609,0,2,8,,,,,LANSDOWNE,19050,45,0,0,,50604,CMLT06AMC1,0,0,,22,23,45,0.125,,1,709,0.5,8.9838,,,,70,,2,,,,0,516,0,,116747.09,60701,,8,,Y,0
86068178,2,1,3,2,8.65,1,128000,128000,806,736,922.67,360,0,80,IA,,0,70701,2,,0,160000,,,,1,1,,0,,100,2,4,,8.65,10,,6,,,6,6,1,0,14.65,8.65,922.67,0,0,0,709,0,2,18,,,,,WATERLOO,50701,13,0,0,,60630,CMLT06AMC1,0,0,,23,24,45,0.125,,1,809,0.5,8.1337,,,,80,,2,,,,0,616,0,,128000,70701,,18,,N,0
97509350,2,1,3,1,7.45,1,180000,179119.57,706,636,1177.89,360,0,75,NJ,,0,70701,1,,0,240000,,,,1,1,,0,,100,1,1,,7.45,0,,0,,,0,0,0,0,0,0,1177.89,0,0,0,,0,0,23,,,,,GLASSBORO,8028,15,0,0,,50615,CMLT06AMC1,0,3,,,,0,0,,0,,0.5,6.9337,,,,75,,0,,,,0,609,0,,179119.57,70701,,23,,N,0
97285795,2,1,3,2,7.8,1,216000,215042.49,706,636,1469.55,360,0,77.14,CA,,0,70701,2,,0,280000,,,,1,1,,0,,100,1,1,,7.8,10,,6,,,6,6,1,0,13.8,7.8,1469.55,0,0,0,608,0,2,22,,,,,ROSAMOND,93560,29,0,0,,50615,CMLT06AMC1,0,0,,10,11,45,0.125,,1,708,0.5,7.2838,,,,77.14,,2,,,,0,580,0,,215042.49,70701,,22,,Y,0
98247034,2,1,3,2,7.975,2,199500,198721.06,806,736,1383.41,360,0,95,CT,,0,70701,2,,0,210000,,,,1,1,,0,,100,1,1,,7.975,10,,6,,,6,6,1,0,13.975,7.975,1383.41,0,0,0,709,0,2,0,,,,,NORWICH,6360,11,0,0,,60606,CMLT06AMC1,0,0,,23,24,45,0.125,,1,809,0.5,7.4588,,,,95,,2,,,,0,605,0,,198721.06,70701,,0,,Y,0
97464598,2,1,1,2,8.3,2,324000,322753.97,706,636,2326.07,360,10,80,FL,,0,20701,2,,0,405000,,,,1,1,,0,,100,1,1,,8.3,10,,6,,,6,6,1,0,14.3,8.3,2326.07,0,0,0,608,0,2,22,,,,,MIAMI,33165,86,0,0,,50623,CMLT06AMC1,405000,0,,10,11,45,0.125,,1,708,0.5,7.7838,,,,80,,2,,,,0,625,0,,322753.97,20701,,22,,Y,0
146520549,2,1,3,2,8.5,2,482516,477582.03,506,436,3710.14,360,10,87.22,FL,,0,100601,2,,0,553242,,,,1,1,,0,,100,1,1,,8.5,10,,5.5,,,6,6,1,0,14.5,8.5,3710.14,0,0,0,408,0,2,5,,,,,PARKLAND FL,33067,11,0,0,,30607,CMLT06AMC1,0,3,,8,9,45,0.125,,1,508,0.5,7.9837,,,,87.22,,2,,,,0,644,0,,477582.03,100601,,5,,N,0
96422159,2,1,1,2,8.55,2,264000,261678.16,706,636,2039.3,360,0,80,NY,,0,80701,2,,0,330000,,,,1,1,,0,,100,1,1,,8.55,10,,6,,,6,6,1,0,14.55,8.55,2039.3,0,0,0,609,0,2,8,,,,,STATEN ISLA,10306,85,0,0,,50626,CMLT06AMC1,330000,3,,22,23,45,0.125,,1,709,0.5,8.0337,,,,80,,2,,,,0,604,0,,261678.16,80701,,8,,N,0
98278914,2,3,1,2,8.2,1,62800,62207.77,706,636,469.59,360,0,89.71,OH,,0,70701,2,,0,70000,,,,1,1,,0,,100,1,1,,8.2,10,,6,,,6,6,1,0,14.2,8.2,469.59,0,0,0,609,0,2,8,,,,,SPRINGFIELD,45506,23,0,0,,50630,CMLT06AMC1,70000,0,,22,23,45,0.125,,1,709,0.5,7.6837,,,,89.71,,2,,,,0,708,0,,62207.77,70701,,8,,Y,0
96960075,2,1,3,1,7.05,2,135000,133405.97,706,636,902.7,360,0,90,LA,,0,70701,1,,0,150000,,,,1,1,,0,,100,1,1,,7.05,0,,0,,,0,0,0,0,0,0,902.7,0,0,0,,0,0,9,,,,,HARVEY,70058,51,0,0,,50617,CMLT06AMC1,0,0,,,,0,0,,0,,0.5,6.5338,,,,90,,0,,,,0,614,0,,133405.97,70701,,9,,N,0
96754916,2,3,3,2,9.2,1,159600,158369.14,706,636,1307.22,360,0,95,OR,,0,80701,2,,0,168000,,,,1,1,,0,,100,1,1,,9.2,10,,6,,,6,6,1,0,15.2,9.2,1307.22,0,0,0,608,0,2,5,,,,,SALEM,97305,47,0,0,,50609,CMLT06AMC1,0,0,,10,11,45,0.125,,1,708,0.5,8.6837,,,,95,,2,,,,0,638,0,,158369.14,80701,,5,,Y,0
97935191,2,1,1,1,8.7,1,99000,98659.89,706,636,740.87,360,10,90,OH,,0,30701,1,,0,110000,,,,1,1,,0,,100,1,1,,8.7,0,,0,,,0,0,0,0,0,0,740.87,0,0,0,,0,0,23,,,,,CLEVELAND,44144,35,0,0,,50623,CMLT06AMC1,110000,3,,,,0,0,,0,,0.5,8.1837,,,,90,,0,,,,0,630,0,,98659.89,30701,,23,,N,0
96650791,2,1,3,1,6.25,2,824500,813168.89,706,636,5076.59,360,0,85,CA,,0,80701,1,,0,970000,,,,1,1,,0,,100,1,1,,6.25,0,,0,,,0,0,0,0,0,0,5076.59,0,0,0,,0,0,9,,,,,PETALUMA,94952,97,0,0,,60609,CMLT06AMC1,0,0,,,,0,0,,0,,0.5,5.7337,,,,85,,0,,,,0,600,0,,813168.89,80701,,9,,Y,0
98394638,2,1,3,1,7.8,1,185000,183111.47,706,636,1331.77,360,0,68.52,WA,,0,70701,1,,0,270000,,,,1,1,,0,,100,1,1,,7.8,0,,0,,,0,0,0,0,0,0,1331.77,0,0,0,,0,0,9,,,,,FEDERAL WAY,98023,33,0,0,,50631,CMLT06AMC1,0,0,,,,0,0,,0,,0.5,7.2838,,,,68.52,,0,,,,0,537,0,,183111.47,70701,,9,,Y,0
98284953,2,1,3,2,9.7,1,217800,217285.15,806,736,1798.27,360,0,90,IL,,0,70701,2,,0,242000,,,,1,1,,0,,100,1,1,,9.7,10,,4.5,,,6,6,1,0,15.7,9.7,1798.27,0,0,0,709,0,2,0,,,,,CHICAGO,60629,31,0,0,,60606,CMLT06AMC1,0,3,,23,24,45,0.125,,1,809,0.5,9.1837,,,,90,,2,,,,0,562,0,,217285.15,70701,,0,,N,0
97380273,2,1,1,2,8.35,2,158000,157401.01,706,636,1140.3,360,0,80,CA,,0,80701,2,,0,197500,,,,1,1,,0,,100,1,1,,8.35,10,,6,,,6,6,1,0,14.35,8.35,1140.3,0,0,0,608,0,2,22,,,,,FRESNO,93705,19,0,0,,50622,CMLT06AMC1,197500,3,,10,11,45,0.125,,1,708,0.5,7.8338,,,,80,,2,,,,0,634,0,,157401.01,80701,,22,,Y,0
97180434,2,1,3,2,8.49,2,250000,247941.01,806,736,1920.52,360,0,62.5,FL,,0,60701,2,,0,400000,,,,1,1,,0,,100,1,1,,8.49,10,,6,,,6,6,1,0,14.49,8.49,1920.52,0,0,0,708,0,2,5,,,,,CORAL SPRIN,33065,11,0,0,,60606,CMLT06AMC1,0,3,,11,12,45,0.125,,1,808,0.5,7.9737,,,,62.5,,2,,,,0,534,0,,247941.01,60701,,5,,Y,0
151308160,2,1,3,1,9.7,1,197926,196526.28,706,636,1693.23,360,0,74.44,MA,,0,70701,1,,0,265900,,,,1,1,,0,,100,1,1,,9.7,0,,0,,,0,0,0,0,0,0,1693.23,0,0,0,,0,0,9,,,,,CHARLTON,1507,27,0,0,,50625,CMLT06AMC1,0,0,,,,0,0,,0,,0.5,9.1837,,,,74.44,,0,,,,0,567,0,,196526.28,70701,,9,,N,0
98290752,2,1,1,1,12.4,1,42600,42432.96,706,636,451.35,360,0,20,NV,,0,70701,1,,0,213000,,,,2,1,,0,,100,1,1,,12.4,0,,0,,,0,0,0,0,0,0,451.35,0,0,0,,0,0,9,,,,,LAS VEGAS,89108,3,0,0,,60601,CMLT06AMC1,213000,0,,,,0,0,,0,,0.5,11.8837,,,,100,,0,,,,0,582,0,,42432.96,70701,,9,,N,0
98327273,2,1,3,1,7.9,1,237000,237000,806,736,1560.25,360,0,88.43,NC,,0,70701,1,,0,268000,,,,1,1,,0,,100,2,4,,7.9,0,,0,,,0,0,0,0,0,0,1560.25,0,0,0,,0,0,21,,,,,BURLINGTON,27217,1,0,0,,60605,CMLT06AMC1,0,0,,,,0,0,,0,,0.5,7.3838,,,,88.43,,0,,,,0,601,0,,237000,70701,,21,,Y,0
97388755,2,1,1,1,12.45,1,26900,26795.68,706,636,286.05,360,0,20,AZ,,0,60701,1,,0,134500,,,,2,1,,0,,100,1,1,,12.45,0,,0,,,0,0,0,0,0,0,286.05,0,0,0,,0,0,9,,,,,TUCSON,85714,19,0,0,,50623,CMLT06AMC1,134500,0,,,,0,0,,0,,0.5,11.9338,,,,100,,0,,,,0,618,0,,26795.68,60701,,9,,N,0
98137474,2,1,3,2,9.2,1,82400,81764.45,706,636,674.91,360,0,84.95,MO,,0,70701,2,,0,97000,,,,1,1,,0,,100,1,1,,9.2,10,,6,,,6,6,1,0,15.2,9.2,674.91,0,0,0,608,0,2,5,,,,,SAINT LOUIS,63121,189,0,0,,60605,CMLT06AMC1,0,0,,10,11,45,0.125,,1,708,0.5,8.6837,,,,84.95,,2,,,,0,555,0,,81764.45,70701,,5,,Y,0
98107279,2,1,2,2,9.75,1,131100,130196.85,706,636,1126.36,360,0,95,TX,,0,70701,2,,0,138000,,,,1,1,,0,,100,1,1,,9.75,10,,6,,,6,6,1,0,15.75,9.75,1126.36,0,0,0,608,0,2,5,,,,,PLANO,75023,85,0,0,,50631,CMLT06AMC1,0,0,,10,11,45,0.125,,1,708,0.5,9.2338,,,,95,,2,,,,0,584,0,,130196.85,70701,,5,,Y,0
97542757,2,1,3,2,9.9,1,265000,263230.41,706,636,2306.01,360,0,94.64,FL,,0,70701,2,,0,280000,,,,1,1,,0,,100,1,1,,9.9,10,,6,,,6,6,1,0,15.9,9.9,2306.01,0,0,0,608,0,2,5,,,,,SAINT CLOUD,34772,97,0,0,,50623,CMLT06AMC1,0,3,,10,11,45,0.125,,1,708,0.5,9.3837,,,,94.64,,2,,,,0,619,0,,263230.41,70701,,5,,Y,0
98716673,2,1,1,2,7.4,1,131200,130597.68,806,736,853.71,360,0,80,CO,,0,70701,2,,0,164000,,,,1,1,,0,,100,1,1,,7.4,10,,6,,,6,6,1,0,13.4,7.4,853.71,0,0,0,708,0,2,22,,,,,CANON CITY,81212,43,0,0,,60606,CMLT06AMC1,164000,0,,11,12,45,0.125,,1,808,0.5,6.8838,,,,80,,2,,,,0,626,0,,130597.68,70701,,22,,Y,0
148531569,2,1,3,1,7.25,1,131200,129482.46,706,636,895.02,360,0,88.65,PA,,0,70701,1,,0,148000,,,,1,1,,0,,100,1,1,,7.25,0,,0,,,0,0,0,0,0,0,895.02,0,0,0,,0,0,9,,,,,LANDISBURG,17040,99,0,0,,50616,CMLT06AMC1,0,0,,,,0,0,,0,,0.5,6.7337,,,,88.65,,0,,,,0,589,0,,129482.46,70701,,9,,Y,0
98054232,2,1,3,2,7.95,1,260000,257423.51,706,636,1898.74,360,0,76.47,WA,,0,70701,2,,0,340000,,,,1,1,,0,,100,1,1,,7.95,10,,6,,,6,6,1,0,13.95,7.95,1898.74,0,0,0,608,0,2,5,,,,,PUYALLUP,98374,53,0,0,,50631,CMLT06AMC1,0,0,,10,11,45,0.125,,1,708,0.5,7.4337,,,,76.47,,2,,,,0,585,0,,257423.51,70701,,5,,Y,0
98753395,2,1,2,2,8.8,1,220000,219322.42,806,736,1663.2,360,9,80,DE,,0,50701,2,,0,275000,,,,1,1,,0,,100,1,1,,8.8,10,,6,,,6,6,1,0,14.8,8.8,1663.2,0,0,0,708,0,2,22,,,,,SMYRNA,19977,1,0,0,,60626,CMLT06AMC1,0,3,,11,12,45,0.125,,1,808,0.5,8.2837,,,,80,,2,,,,0,629,0,,219322.42,50701,,22,,Y,0
97642235,2,1,3,1,7.7,1,74700,74359.32,706,636,502.66,360,0,90,OH,,0,70701,1,,0,83000,,,,1,1,,0,,100,1,1,,7.7,0,,0,,,0,0,0,0,0,0,502.66,0,0,0,,0,0,23,,,,,XENIA,45385,57,0,0,,50617,CMLT06AMC1,0,0,,,,0,0,,0,,0.5,7.1837,,,,90,,0,,,,0,571,0,,74359.32,70701,,23,,N,0
97188270,2,1,3,2,7.15,1,243500,241408.98,706,636,1539.79,360,0,59.39,CA,,0,70701,2,,0,410000,,,,1,1,,0,,100,1,1,,7.15,10,,6,,,6,6,1,0,13.15,7.15,1539.79,0,0,0,608,0,2,22,,,,,RICHMOND,94804,13,0,0,,50603,CMLT06AMC1,0,0,,10,11,45,0.125,,1,708,0.5,6.6338,,,,59.39,,2,,,,0,550,0,,241408.98,70701,,22,,Y,0
98814155,2,3,1,1,9.55,1,63000,62581.76,806,736,532.04,360,11,90,MI,,0,90601,1,,0,70000,,,,1,1,,0,,100,1,1,,9.55,0,,0,,,0,0,0,0,0,0,532.04,0,0,0,,0,0,9,,,,,DETROIT,48219,163,0,0,,60608,CMLT06AMC1,70000,0,,,,0,0,,0,,0.5,9.0337,,,,90,,0,,,,0,660,0,,62581.76,90601,,9,,Y,0
97171839,2,1,1,2,7.8,2,462400,462400,706,636,3005.6,360,0,80,CA,,0,70701,2,,0,578000,,,,1,1,,0,,100,2,4,,7.8,10,,6,,,6,6,1,0,13.8,7.8,3005.6,0,0,0,608,0,2,17,,,,,HAYWARD,94545,1,0,0,,50618,CMLT06AMC1,578000,3,,10,11,45,0.125,,1,708,0.5,7.2838,,,,80,,2,,,,0,655,0,,462400,70701,,17,,Y,0
98123110,2,1,3,2,9.1,1,328000,325612.19,806,736,2662.8,360,0,80,CA,,0,70701,2,,0,410000,,,,1,1,,0,,100,1,1,,9.1,10,,6,,,6,6,1,0,15.1,9.1,2662.8,0,0,0,708,0,2,5,,,,,MARYSVILLE,95901,115,0,0,,60607,CMLT06AMC1,0,0,,11,12,45,0.125,,1,808,0.5,8.5838,,,,80,,2,,,,0,580,0,,325612.19,70701,,5,,Y,0
96830112,2,3,3,2,9.3,1,72900,72349.11,706,636,602.38,360,0,90,PA,,0,70701,2,,0,81000,,,,1,1,,0,,100,1,1,,9.3,10,,6,,,6,6,1,0,15.3,9.3,602.38,0,0,0,608,0,2,5,,,,,PHILADELPHI,19119,101,0,0,,50617,CMLT06AMC1,0,3,,10,11,45,0.125,,1,708,0.5,8.7837,,,,90,,2,,,,0,706,0,,72349.11,70701,,5,,Y,0
97483671,2,1,3,2,9.05,1,133500,132941.91,706,636,1034.91,360,0,84.49,IL,,0,70701,2,,0,158000,,,,1,1,,0,,100,1,1,,9.05,10,,4.5,,,6,6,1,0,15.05,9.05,1034.91,0,0,0,609,0,2,0,,,,,CHICAGO,60628,31,0,0,,50630,CMLT06AMC1,0,3,,22,23,45,0.125,,1,709,0.5,8.5337,,,,84.49,,2,,,,0,646,0,,132941.91,70701,,0,,N,0
97526552,2,1,3,2,7.25,1,348000,348000,706,636,2102.5,360,0,80,CA,,0,50701,2,,0,435000,,,,1,1,,0,,100,2,4,,7.25,10,,6,,,6,6,1,0,13.25,7.25,2102.5,0,0,0,608,0,2,17,,,,,EL CAJON,92019,73,0,0,,50616,CMLT06AMC1,0,0,,10,11,45,0.125,,1,708,0.5,6.7337,,,,80,,2,,,,0,600,0,,348000,50701,,17,,N,0
97443030,2,1,3,2,8.8,1,252000,251161.06,706,636,1905.12,360,0,89.68,CA,,0,70701,2,,0,281000,,,,1,1,,0,,100,1,1,,8.8,10,,6,,,6,6,1,0,14.8,8.8,1905.12,0,0,0,608,0,2,22,,,,,SACRAMENTO,95824,67,0,0,,50615,CMLT06AMC1,0,0,,10,11,45,0.125,,1,708,0.5,8.2837,,,,89.68,,2,,,,0,582,0,,251161.06,70701,,22,,Y,0
97487474,2,1,1,2,8.25,1,95000,94112.84,706,636,713.71,360,0,95,IN,,0,70701,2,,0,100000,,,,1,1,,0,,100,1,1,,8.25,10,,6,,,6,6,1,0,14.25,8.25,713.71,0,0,0,608,0,2,5,,,,,KOKOMO,46901,67,0,0,,50631,CMLT06AMC1,100000,0,,10,11,45,0.125,,1,708,0.5,7.7337,,,,95,,2,,,,0,602,0,,94112.84,70701,,5,,Y,0
97529911,2,1,1,1,9,1,81900,81242.18,706,636,658.99,360,0,65,AR,,0,70701,1,,0,126000,,,,1,1,,0,,100,1,1,,9,0,,0,,,0,0,0,0,0,0,658.99,0,0,0,,0,0,9,,,,,LITTLE ROCK,72210,119,0,0,,60601,CMLT06AMC1,126000,0,,,,0,0,,0,,0.5,8.4838,,,,65,,0,,,,0,556,0,,81242.18,70701,,9,,Y,0
97698518,2,1,2,1,6.45,1,147000,144967.34,706,636,855.4,360,0,83.05,MA,,0,80701,1,,0,177000,,,,1,1,,0,,100,1,1,,6.45,0,,0,,,0,0,0,0,0,0,855.4,0,0,0,,0,0,23,,,,,EAST LONGME,1028,13,0,0,,50622,CMLT06AMC1,0,0,,,,0,0,,0,,0.5,5.9337,,,,83.05,,0,,,,0,649,0,,144967.34,80701,,23,,N,0
151728722,2,1,2,1,8.35,1,108000,106972.27,806,736,818.98,360,10,90,AZ,,0,30701,1,,0,120000,,,,1,1,,0,,100,1,1,,8.35,0,,0,,,0,0,0,0,0,0,818.98,0,0,0,,0,0,9,,,,,SIERRA VIST,85635,3,0,0,,60613,CMLT06AMC1,0,0,,,,0,0,,0,,0.5,7.8338,,,,90,,0,,,,0,655,0,,106972.27,30701,,9,,Y,0
96544432,2,1,1,2,7.95,1,171000,171000,706,636,1132.88,360,0,95,AZ,,0,70701,2,,0,180000,,,,1,1,,0,,100,2,4,,7.95,10,,6,,,6,6,1,0,13.95,7.95,1132.88,0,0,0,608,0,2,17,,,,,PHOENIX,85033,13,0,0,,50612,CMLT06AMC1,180000,0,,10,11,45,0.125,,1,708,0.5,7.4337,,,,95,,2,,,,0,709,0,,171000,70701,,17,,Y,0
146234125,2,1,3,2,7.5,1,325000,325000,506,436,2031.25,360,0,86.41,AK,,0,80701,2,,0,376100,,,,1,1,,0,,100,2,4,,7.5,10,,5.25,,,6,6,1,0,13.5,7.5,2031.25,0,0,0,408,0,2,17,,,,,ANCHORAGE,99515,20,0,0,,30607,CMLT06AMC1,0,0,,8,9,45,0.125,,1,508,0.5,6.9837,,,,86.41,,2,,,,0,677,0,,325000,80701,,17,,N,0
151483229,2,1,3,1,7.7,1,217300,215038.19,706,636,1549.27,360,0,92.47,FL,,0,80701,1,,0,235000,,,,1,1,,0,,100,1,1,,7.7,0,,0,,,0,0,0,0,0,0,1549.27,0,0,0,,0,0,9,,,,,SPRING HILL,34610,101,0,0,,50631,CMLT06AMC1,0,0,,,,0,0,,0,,0.5,7.1837,,,,92.47,,0,,,,0,650,0,,215038.19,80701,,9,,Y,0
98490634,2,1,3,1,8.4,2,100000,99161.44,806,736,761.84,360,0,48.78,FL,,0,70701,1,,0,205000,,,,1,1,,0,,100,1,1,,8.4,0,,0,,,0,0,0,0,0,0,761.84,0,0,0,,0,0,9,,,,,ROCKLEDGE,32955,9,0,0,,60607,CMLT06AMC1,0,0,,,,0,0,,0,,0.5,7.8838,,,,48.78,,0,,,,0,517,0,,99161.44,70701,,9,,Y,0
97865794,2,3,2,1,9.45,1,76000,75443.14,706,636,636.28,360,0,95,MI,,0,70701,1,,0,80000,,,,1,1,,0,,100,1,1,,9.45,0,,0,,,0,0,0,0,0,0,636.28,0,0,0,,0,0,9,,,,,DETROIT,48228,163,0,0,,50625,CMLT06AMC1,0,0,,,,0,0,,0,,0.5,8.9337,,,,95,,0,,,,0,744,0,,75443.14,70701,,9,,Y,0
98439235,2,1,3,2,7.5,2,483000,480670.5,706,636,3178.49,360,0,77.28,CA,,0,70701,2,,0,625000,,,,1,1,,0,,100,1,1,,7.5,10,,6,,,6,6,1,0,13.5,7.5,3178.49,0,0,0,608,0,2,22,,,,,SANTA ANA,92701,59,0,0,,50631,CMLT06AMC1,0,3,,10,11,45,0.125,,1,708,0.5,6.9837,,,,77.28,,2,,,,0,687,0,,480670.5,70701,,22,,Y,0
97877278,2,1,1,2,8.375,1,84800,84480.75,706,636,613.62,360,0,80,MI,,0,70701,2,,0,106000,,,,1,1,,0,,100,1,1,,8.375,10,,6,,,6,6,1,0,14.375,8.375,613.62,0,0,0,608,0,2,22,,,,,DETROIT,48239,163,0,0,,50630,CMLT06AMC1,106000,0,,10,11,45,0.125,,1,708,0.5,7.8587,,,,80,,2,,,,0,605,0,,84480.75,70701,,22,,Y,0
85738979,2,1,3,1,7,1,203400,203331.43,706,636,1186.1,360,0,90,AZ,,0,70701,1,,0,226000,,,,1,1,,0,,100,2,4,,7,0,,0,,,0,0,0,0,0,0,1186.5,0,0,0,,0,0,21,,,,,PHOENIX,85023,13,0,0,,50617,CMLT06AMC1,0,0,,,,0,0,,0,,0.5,6.4837,,,,90,,0,,,,0,605,0,,203331.43,70701,,21,,Y,0
98216310,2,1,3,2,7.9,1,120900,119598.17,706,636,878.71,360,0,65,MD,,0,70701,2,,0,186000,,,,1,1,,0,,100,1,1,,7.9,10,,6,,,6,6,1,0,13.9,7.9,878.71,0,0,0,608,0,2,5,,,,,BALTIMORE,21212,510,0,0,,50631,CMLT06AMC1,0,0,,10,11,45,0.125,,1,708,0.5,7.3838,,,,65,,2,,,,0,575,0,,119598.17,70701,,5,,N,0
98217631,2,1,3,1,7,1,230350,229159.28,806,736,1431.47,360,0,85,RI,,0,70701,1,,0,271000,,,,1,1,,0,,100,1,1,,7,0,,0,,,0,0,0,0,0,0,1431.47,0,0,0,,0,0,23,,,,,PROVIDENCE,2909,7,0,0,,60605,CMLT06AMC1,0,3,,,,0,0,,0,,0.5,6.4837,,,,85,,0,,,,0,628,0,,229159.28,70701,,23,,Y,0
145296828,2,1,3,2,9.99,2,231518,229769.08,506,436,2030.03,360,10,89.98,MD,,0,100601,2,,0,257300,,,,1,1,,0,,100,1,1,,9.99,10,,6,,,6,6,1,0,15.99,9.99,2030.03,0,0,0,408,0,2,5,,,,,PARKVILLE,21234,5,0,0,,30601,CMLT06AMC1,0,0,,8,9,45,0.125,,1,508,0.5,9.4738,,,,89.98,,2,,,,0,565,0,,229769.08,100601,,5,,N,0
96422233,2,1,3,2,7.99,1,345000,340916.26,606,536,2529.09,360,0,75,MI,,0,70701,2,,0,460000,,,,1,1,,0,,100,1,1,,7.99,10,,6,,,6,6,1,0,13.99,7.99,2529.09,0,0,0,508,0,2,5,,,,,HOWELL,48843,93,0,0,,40624,CMLT06AMC1,0,0,,9,10,45,0.125,,1,608,0.5,7.4737,,,,75,,2,,,,0,522,0,,340916.26,70701,,5,,Y,0
96665633,2,1,2,2,9.45,1,135000,134010.77,706,636,1130.24,360,0,90,SC,,0,20701,2,,0,150000,,,,1,1,,0,,100,1,1,,9.45,10,,6,,,6,6,1,0,15.45,9.45,1130.24,0,0,0,608,0,2,5,,,,,BENNETTSVIL,29512,69,0,0,,50622,CMLT06AMC1,0,0,,10,11,45,0.125,,1,708,0.5,8.9337,,,,90,,2,,,,0,529,0,,134010.77,20701,,5,,N,0
97338750,2,1,3,1,12.4,1,52000,51811.59,806,736,550.95,360,10,20,FL,,0,20701,1,,0,260000,,,,2,1,,0,,100,1,1,,12.4,0,,0,,,0,0,0,0,0,0,550.95,0,0,0,,0,0,9,,,,,CAPE CORAL,33993,71,0,0,,60607,CMLT06AMC1,0,0,,,,0,0,,0,,0.5,11.8837,,,,100,,0,,,,0,605,0,,51811.59,20701,,9,,N,0
97439830,2,3,2,1,8.35,1,134900,133665.2,706,636,1022.96,360,0,95,IN,,0,70701,1,,0,142000,,,,1,1,,0,,100,1,1,,8.35,0,,0,,,0,0,0,0,0,0,1022.96,0,0,0,,0,0,9,,,,,INDIANAPOLI,46236,97,0,0,,50611,CMLT06AMC1,0,0,,,,0,0,,0,,0.5,7.8338,,,,95,,0,,,,0,661,0,,133665.2,70701,,9,,Y,0
97244396,2,1,2,2,11.45,1,157500,156741.51,706,636,1553.71,360,0,90,WI,,0,70701,2,,0,175000,,,,1,1,,0,,100,1,1,,11.45,10,,6,,,6,6,1,0,17.45,11.45,1553.71,0,0,0,608,0,2,5,,,,,POYNETTE,53955,21,0,0,,60609,CMLT06AMC1,0,0,,10,11,45,0.125,,1,708,0.5,10.9338,,,,90,,2,,,,0,505,0,,156741.51,70701,,5,,N,0
97529036,2,1,3,2,7.7,1,375000,373290.14,706,636,2523.37,360,0,70.09,NJ,,0,70701,2,,0,535000,,,,1,1,,0,,100,1,1,,7.7,10,,6,,,6,6,1,0,13.7,7.7,2523.37,0,0,0,609,0,2,0,,,,,WESTWOOD,7675,3,0,0,,50626,CMLT06AMC1,0,3,,22,23,45,0.125,,1,709,0.5,7.1837,,,,70.09,,2,,,,0,575,0,,373290.14,70701,,0,,N,0
97630792,2,1,3,2,8.6,1,140000,138781.01,706,636,1086.42,360,0,80,IL,,0,70701,2,,0,175000,,,,1,1,,0,,100,1,1,,8.6,10,,4.5,,,6,6,1,0,14.6,8.6,1086.42,0,0,0,609,0,2,8,,,,,LAKE VILLA,60046,97,0,0,,50625,CMLT06AMC1,0,0,,22,23,45,0.125,,1,709,0.5,8.0838,,,,80,,2,,,,0,625,0,,138781.01,70701,,8,,N,0
150948164,2,1,3,2,9.99,1,62400,62021.78,806,736,547.15,360,0,80,TX,,0,70701,2,,0,78000,,,,1,1,,0,,100,1,1,,9.99,10,,6.25,,,6,6,1,0,15.99,9.99,547.15,0,0,0,708,0,2,5,,,,,SAN ANTONIO,78228,29,0,0,,60606,CMLT06AMC1,0,0,,11,12,45,0.125,,1,808,0.5,9.4738,,,,80,,2,,,,0,560,0,,62021.78,70701,,5,,N,0
98265911,2,3,1,2,8.65,1,151796,150477.32,806,736,1183.36,360,11,90,MN,,0,120601,2,,0,168663,,,,1,1,,0,,100,1,1,,8.65,10,,6,,,6,6,1,0,14.65,8.65,1183.36,0,0,0,708,0,2,5,,,,,MORA,55051,65,0,0,,60601,CMLT06AMC1,168663,0,,11,12,45,0.125,,1,808,0.5,8.1337,,,,90,,2,,,,0,624,0,,150477.32,120601,,5,,Y,0
97158836,2,1,1,2,7.99,2,656000,655545.85,706,636,4364.84,360,0,80,CA,,0,70701,2,,0,820000,,,,1,1,,0,,100,2,4,,7.99,10,,6,,,6,6,1,0,13.99,7.99,4367.87,0,0,0,608,0,2,17,,,,,VACAVILLE,95687,95,0,0,,50616,CMLT06AMC1,820000,3,,10,11,45,0.125,,1,708,0.5,7.4737,,,,80,,2,,,,0,656,0,,655545.85,70701,,17,,Y,0
97538714,2,1,3,1,9.7,1,150300,149253.88,706,636,1285.8,360,0,90,AL,,0,70701,1,,0,167000,,,,1,1,,0,,100,1,1,,9.7,0,,0,,,0,0,0,0,0,0,1285.8,0,0,0,,0,0,9,,,,,TUSCALOOSA,35406,125,0,0,,50631,CMLT06AMC1,0,0,,,,0,0,,0,,0.5,9.1837,,,,90,,0,,,,0,557,0,,149253.88,70701,,9,,N,0
96743273,2,1,3,2,6.7,1,320000,315537.83,606,536,1761.75,360,0,42.95,CA,,0,70701,2,,0,745000,,,,1,1,,0,,100,2,4,,6.7,10,,6,,,6,6,1,0,12.7,6.7,1786.67,0,0,0,508,0,2,17,,,,,BENICIA,94510,95,0,0,,50615,CMLT06AMC1,0,0,,9,10,45,0.125,,1,608,0.5,6.1837,,,,42.95,,2,,,,0,608,0,,315537.83,70701,,17,,Y,0
96893839,2,1,3,2,9.99,1,74700,73545.09,706,636,655,360,0,90,PA,,0,70701,2,,0,83000,,,,1,1,,0,,100,1,1,,9.99,10,,6,,,6,6,1,0,15.99,9.99,655,0,0,0,608,0,2,5,,,,,PHILADELPHI,19131,101,0,0,,50602,CMLT06AMC1,0,0,,10,11,45,0.125,,1,708,0.5,9.4738,,,,90,,2,,,,0,538,0,,73545.09,70701,,5,,Y,0
98117997,2,1,1,2,8.9,2,192800,191219.71,706,636,1537.47,360,0,80,CA,,0,70701,2,,0,241000,,,,1,1,,0,,100,1,1,,8.9,10,,6,,,6,6,1,0,14.9,8.9,1537.47,0,0,0,608,0,2,5,,,,,ORANGE COVE,93646,19,0,0,,60601,CMLT06AMC1,241000,3,,10,11,45,0.125,,1,708,0.5,8.3837,,,,80,,2,,,,0,624,0,,191219.71,70701,,5,,Y,0
96033998,2,1,3,1,8.75,1,74800,74167.97,706,636,588.46,360,0,85,MI,,0,70701,1,,0,88000,,,,1,1,,0,,100,1,1,,8.75,0,,0,,,0,0,0,0,0,0,588.46,0,0,0,,0,0,9,,,,,AKRON,48701,157,0,0,,50612,CMLT06AMC1,0,0,,,,0,0,,0,,0.5,8.2338,,,,85,,0,,,,0,638,0,,74167.97,70701,,9,,Y,0
96848155,2,1,2,1,8.7,1,139000,135269.12,706,626,1223.93,240,0,76.37,PA,,0,70701,1,,0,182000,,,,1,1,,0,,100,1,1,,8.7,0,,0,,,0,0,0,0,0,0,1223.93,0,0,0,,0,0,6,,,,,ALTOONA,16601,13,0,0,,50612,CMLT06AMC1,0,0,,,,0,0,,0,,0.5,8.1837,,,,76.37,,0,,,,0,620,0,,135269.12,70701,,6,,Y,0
97091037,2,1,3,1,8.25,1,64000,63402.24,706,636,480.82,360,0,76.19,TX,,0,70701,1,,0,84000,,,,1,1,,0,,100,1,1,,8.25,0,,0,,,0,0,0,0,0,0,480.82,0,0,0,,0,0,9,,,,,VAN,75790,467,0,0,,50616,CMLT06AMC1,0,0,,,,0,0,,0,,0.5,7.7337,,,,76.19,,0,,,,0,667,0,,63402.24,70701,,9,,N,0
99095838,2,1,3,2,8.49,1,380000,378719.73,806,736,2782.87,360,0,80,CA,,0,70701,2,,0,475000,,,,1,1,,0,,100,1,1,,8.49,10,,6,,,6,6,1,0,14.49,8.49,2782.87,0,0,0,708,0,2,22,,,,,SUISUN CITY,94585,95,0,0,,60628,CMLT06AMC1,0,3,,11,12,45,0.125,,1,808,0.5,7.9737,,,,80,,2,,,,0,593,0,,378719.73,70701,,22,,Y,0
97770952,2,1,3,1,8.5,1,152000,150649.77,706,636,1168.75,360,0,80,AZ,,0,70701,1,,0,190000,,,,1,1,,0,,100,1,1,,8.5,0,,0,,,0,0,0,0,0,0,1168.75,0,0,0,,0,0,9,,,,,TUCSON,85730,19,0,0,,50631,CMLT06AMC1,0,0,,,,0,0,,0,,0.5,7.9837,,,,80,,0,,,,0,593,0,,150649.77,70701,,9,,N,0
97791958,2,1,3,2,9.12,1,260000,258114.94,806,736,2114.51,360,0,80,FL,,0,70701,2,,0,325000,,,,1,1,,0,,100,1,1,,9.12,10,,6,,,6,6,1,0,15.12,9.12,2114.51,0,0,0,709,0,2,8,,,,,HIALEAH,33018,86,0,0,,60607,CMLT06AMC1,0,3,,23,24,45,0.125,,1,809,0.5,8.6037,,,,80,,2,,,,0,626,0,,258114.94,70701,,8,,Y,0
97987796,2,1,2,2,7.6,1,220000,217793.04,806,736,1553.37,360,0,80,MA,,0,70701,2,,0,275000,,,,1,1,,0,,100,1,1,,7.6,10,,6,,,6,6,1,0,13.6,7.6,1553.37,0,0,0,708,0,2,5,,,,,GARDNER,1440,27,0,0,,60605,CMLT06AMC1,0,0,,11,12,45,0.125,,1,808,0.5,7.0838,,,,80,,2,,,,0,616,0,,217793.04,70701,,5,,N,0
97988554,2,1,3,2,7.75,1,138000,136683.54,806,736,988.65,360,0,58.72,FL,,0,70701,2,,0,235000,,,,1,1,,0,,100,1,1,,7.75,10,,6,,,6,6,1,0,13.75,7.75,988.65,0,0,0,708,0,2,5,,,,,CAPE CORAL,33914,71,0,0,,60606,CMLT06AMC1,0,0,,11,12,45,0.125,,1,808,0.5,7.2337,,,,58.72,,2,,,,0,548,0,,136683.54,70701,,5,,Y,0
96911235,2,1,1,2,8.925,2,181811,179439.71,806,736,1453.1,360,0,80,TX,,0,80701,2,,0,227264,,,,1,1,,0,,100,1,1,,8.925,10,,6,,,6,6,1,0,14.925,8.925,1453.1,0,0,0,708,0,2,5,,,,,HOUSTON,77095,201,0,0,,60608,CMLT06AMC1,227264,3,,11,12,45,0.125,,1,808,0.5,8.4087,,,,80,,2,,,,0,693,0,,179439.71,80701,,5,,Y,0
98874837,2,1,3,2,7.4,1,387000,386952.49,806,736,2386.43,360,0,90,CA,,0,70701,2,,0,430000,,,,1,1,,0,,100,2,4,,7.4,10,,6,,,6,6,1,0,13.4,7.4,2386.5,0,0,0,708,0,2,17,,,,,COMPTON,90220,37,0,0,,60630,CMLT06AMC1,0,0,,11,12,45,0.125,,1,808,0.5,6.8838,,,,90,,2,,,,0,653,0,,386952.49,70701,,17,,Y,0
97804355,2,1,3,1,6.15,1,244400,240963.79,706,636,1488.96,360,0,65,NV,,0,80701,1,,0,376000,,,,1,1,,0,,100,1,1,,6.15,0,,0,,,0,0,0,0,0,0,1488.96,0,0,0,,0,0,9,,,,,NORTH LAS V,89081,3,0,0,,50617,CMLT06AMC1,0,0,,,,0,0,,0,,0.5,5.6338,,,,65,,0,,,,0,697,0,,240963.79,80701,,9,,Y,0
97805717,2,1,1,2,7.3,2,380000,380000,706,636,2311.67,360,0,80,CA,,0,80701,2,,0,475000,,,,1,1,,0,,100,2,4,,7.3,10,,6,,,6,6,1,0,13.3,7.3,2311.67,0,0,0,608,0,2,17,,,,,INGLEWOOD,90302,37,0,0,,60602,CMLT06AMC1,475000,0,,10,11,45,0.125,,1,708,0.5,6.7838,,,,80,,2,,,,0,752,0,,380000,80701,,17,,Y,0
98397235,2,1,1,2,7.6,2,404000,403998.67,706,636,2558.66,360,0,89.8,CA,,0,60701,2,,0,449900,,,,1,1,,0,,100,2,4,,7.6,10,,6,,,6,6,1,0,13.6,7.6,2558.67,0,0,0,608,0,2,17,,,,,HEMET,92544,65,0,0,,50626,CMLT06AMC1,449900,0,,10,11,45,0.125,,1,708,0.5,7.0838,,,,89.8,,2,,,,0,623,0,,403998.67,60701,,17,,Y,0
98979479,2,1,3,2,10.85,1,102200,101673.84,806,736,961.71,360,0,70,MN,,0,50701,2,,0,146000,,,,1,1,,0,,100,1,1,,10.85,10,,6,,,6,6,1,0,16.85,10.85,961.71,0,0,0,708,0,2,5,,,,,WABASHA,55981,157,0,0,,60623,CMLT06AMC1,0,0,,11,12,45,0.125,,1,808,0.5,10.3338,,,,70,,2,,,,0,517,0,,101673.84,50701,,5,,Y,0
98481237,2,1,3,1,8.5,1,83000,82317.81,806,736,638.2,360,0,79.81,KS,,0,70701,1,,0,104000,,,,1,1,,0,,100,1,1,,8.5,0,,0,,,0,0,0,0,0,0,638.2,0,0,0,,0,0,9,,,,,GARDEN CITY,67846,55,0,0,,60609,CMLT06AMC1,0,0,,,,0,0,,0,,0.5,7.9837,,,,79.81,,0,,,,0,558,0,,82317.81,70701,,9,,N,0
98013311,2,1,3,2,9.025,2,540000,536008.43,806,736,4354.68,360,0,54,CA,,0,70701,2,,0,1000000,,,,1,1,,0,,100,1,1,,9.025,10,,6,,,6,6,1,0,15.025,9.025,4354.68,0,0,0,708,0,2,5,,,,,BRENTWOOD,94513,13,0,0,,60607,CMLT06AMC1,0,0,,11,12,45,0.125,,1,808,0.5,8.5087,,,,54,,2,,,,0,506,0,,536008.43,70701,,5,,N,0
98163157,2,1,3,1,12.2,1,68000,67721.41,706,636,709.95,360,10,20,CA,,0,90601,1,,0,340000,,,,2,1,,0,,100,1,1,,12.2,0,,0,,,0,0,0,0,0,0,709.95,0,0,0,,0,0,9,,,,,LANCASTER,93535,37,0,0,,60602,CMLT06AMC1,0,0,,,,0,0,,0,,0.5,11.6838,,,,100,,0,,,,0,604,0,,67721.41,90601,,9,,N,0
98174196,2,1,2,2,8.1,1,150400,148953.12,706,636,1114.09,360,0,80,AZ,,0,70701,2,,0,188000,,,,1,1,,0,,100,1,1,,8.1,10,,6,,,6,6,1,0,14.1,8.1,1114.09,0,0,0,608,0,2,5,,,,,PHOENIX,85035,13,0,0,,60602,CMLT06AMC1,0,3,,10,11,45,0.125,,1,708,0.5,7.5838,,,,80,,2,,,,0,659,0,,148953.12,70701,,5,,Y,0
96541438,2,1,1,2,7.125,2,336000,336000,706,636,1995,360,0,80,CA,,0,70701,2,,0,420000,,,,1,1,,0,,100,2,4,,7.125,10,,6,,,6,6,1,0,13.125,7.125,1995,0,0,0,608,0,2,17,,,,,RIALTO,92377,71,0,0,,50616,CMLT06AMC1,420000,0,,10,11,45,0.125,,1,708,0.5,6.6087,,,,80,,2,,,,0,620,0,,336000,70701,,17,,Y,0
97123152,2,1,1,1,11.8,1,32000,31854.04,706,636,324.24,360,0,20,AZ,,0,70701,1,,0,160000,,,,2,1,,0,,100,1,1,,11.8,0,,0,,,0,0,0,0,0,0,324.24,0,0,0,,0,0,9,,,,,PHOENIX,85041,13,0,0,,60605,CMLT06AMC1,160000,0,,,,0,0,,0,,0.5,11.2838,,,,100,,0,,,,0,631,0,,31854.04,70701,,9,,N,0
151380706,2,1,2,2,8.99,1,84500,82777.02,806,726,759.73,240,0,60.57,IL,,0,70701,2,,0,139506,,,,1,1,,0,,100,1,1,,8.99,10,,4.25,,,6,6,1,0,14.99,8.99,759.73,0,0,0,708,0,2,5,,,,,WAUKEGAN,60085,97,0,0,,60605,CMLT06AMC1,0,0,,11,12,45,0.125,,1,808,0.5,8.4738,,,,60.57,,2,,,,0,595,0,,82777.02,70701,,5,,N,0
97851554,2,1,3,2,9.1,1,65600,65122.45,806,736,532.56,360,0,80,PA,,0,70701,2,,0,82000,,,,1,1,,0,,100,1,1,,9.1,10,,6,,,6,6,1,0,15.1,9.1,532.56,0,0,0,708,0,2,5,,,,,PHILADELPHI,19124,101,0,0,,60601,CMLT06AMC1,0,0,,11,12,45,0.125,,1,808,0.5,8.5838,,,,80,,2,,,,0,505,0,,65122.45,70701,,5,,Y,0
97851794,2,3,1,2,9.7,1,87875,87263.4,706,636,751.76,360,0,95,IN,,0,70701,2,,0,92500,,,,1,1,,0,,100,1,1,,9.7,10,,6,,,6,6,1,0,15.7,9.7,751.76,0,0,0,608,0,2,5,,,,,HAMLET,46532,149,0,0,,50616,CMLT06AMC1,92500,3,,10,11,45,0.125,,1,708,0.5,9.1837,,,,95,,2,,,,0,616,0,,87263.4,70701,,5,,Y,0
151593449,2,1,3,2,7.99,1,177300,175686.85,806,736,1299.73,360,0,90,WA,,0,70701,2,,0,197000,,,,1,1,,0,,100,1,1,,7.99,10,,5.75,,,6,6,1,0,13.99,7.99,1299.73,0,0,0,708,0,2,5,,,,,VANCOUVER,98662,11,0,0,,60609,CMLT06AMC1,0,0,,11,12,45,0.125,,1,808,0.5,7.4737,,,,90,,2,,,,0,634,0,,175686.85,70701,,5,,Y,0
97222236,2,1,1,2,7.3,2,164000,162154.73,706,636,1124.34,360,0,80,AZ,,0,70701,2,,0,205000,,,,1,1,,0,,100,1,1,,7.3,10,,6,,,6,6,1,0,13.3,7.3,1124.34,0,0,0,608,0,2,5,,,,,GOODYEAR,85338,13,0,0,,50612,CMLT06AMC1,205000,0,,10,11,45,0.125,,1,708,0.5,6.7838,,,,80,,2,,,,0,707,0,,162154.73,70701,,5,,Y,0
97125157,2,1,3,2,8.8,2,164350,163802.8,706,636,1242.49,360,0,93.91,CA,,0,70701,2,,0,175000,,,,1,1,,0,,100,1,1,,8.8,10,,6,,,6,6,1,0,14.8,8.8,1242.49,0,0,0,609,0,2,0,,,,,FRESNO,93706,19,0,0,,50616,CMLT06AMC1,0,0,,22,23,45,0.125,,1,709,0.5,8.2837,,,,93.91,,2,,,,0,593,0,,163802.8,70701,,0,,Y,0
97856199,2,1,3,2,9.99,1,202500,202024.89,706,636,1717.94,360,0,90,IL,,0,70701,2,,0,225000,,,,1,1,,0,,100,1,1,,9.99,10,,4.5,,,6,6,1,0,15.99,9.99,1717.94,0,0,0,609,0,2,0,,,,,BERKELEY,60163,31,0,0,,50624,CMLT06AMC1,0,3,,22,23,45,0.125,,1,709,0.5,9.4738,,,,90,,2,,,,0,554,0,,202024.89,70701,,0,,N,0
151596244,2,1,3,1,11.2,1,123000,0,806,736,1189.99,360,0,89.86,NM,,0,60701,1,,0,136886,,,,1,1,,0,,100,1,1,,11.2,0,,0,,,0,0,0,0,0,0,1189.99,0,0,0,,0,0,9,,,,,LAS CRUCES,88007,13,0,0,,60607,CMLT06AMC1,0,0,,,,0,0,,0,,0.5,10.6838,,,,89.86,,0,,,,0,608,0,,0,60701,,9,,N,0
99224479,2,1,1,2,10.6,1,123800,123139.74,806,736,1141.72,360,0,100,PA,,0,80701,2,,0,123800,,,,1,1,,0,,100,1,1,,10.6,10,,6,,,6,6,1,0,16.6,10.6,1141.72,0,0,0,708,0,2,5,,,,,UPPER DARBY,19082,45,0,0,,60630,CMLT06AMC1,123800,3,,11,12,45,0.125,,1,808,0.5,10.0838,,,,100,,2,,,,0,703,0,,123139.74,80701,,5,,N,0
150648764,2,1,3,2,9.45,2,109100,108300.54,706,636,913.4,360,0,88.48,IA,,0,70701,2,,0,123300,,,,1,1,,0,,100,1,1,,9.45,10,,6,,,6,6,1,0,15.45,9.45,913.4,0,0,0,608,0,2,5,,,,,DAVENPORT,52804,163,0,0,,50603,CMLT06AMC1,0,0,,10,11,45,0.125,,1,708,0.5,8.9337,,,,88.48,,2,,,,0,622,0,,108300.54,70701,,5,,N,0
96816350,7,1,1,2,9.7,1,111192,110907.76,706,636,918.06,360,0,80,NV,,0,70701,2,,0,138990,,,,1,1,,0,,100,1,1,,9.7,10,,6,,,6,6,1,0,15.7,9.7,918.06,0,0,0,608,0,2,22,,,,,LAS VEGAS,89115,3,0,0,,50624,CMLT06AMC1,138990,3,,10,11,45,0.125,,1,708,0.5,9.1837,,,,80,,2,,,,0,620,0,,110907.76,70701,,22,,Y,0
97412399,7,1,1,2,7.99,2,176663,174795.83,606,536,1295.06,360,0,80,FL,,0,70701,2,,0,220829.68,,,,1,1,,0,,100,1,1,,7.99,10,,6,,,6,6,1,0,13.99,7.99,1295.06,0,0,0,509,0,2,8,,,,,JACKSONVILL,32216,31,0,0,,50605,CMLT06AMC1,220829.68,0,,21,22,45,0.125,,1,609,0.5,7.4737,,,,80,,2,,,,0,630,0,,174795.83,70701,,8,,Y,0
97300875,7,1,1,1,9.15,2,128700,127697.42,706,636,1049.47,360,0,90,FL,,0,70701,1,,0,143000,,,,1,1,,0,,100,1,1,,9.15,0,,0,,,0,0,0,0,0,0,1049.47,0,0,0,,0,0,9,,,,,HALLANDALE,33009,11,0,0,,50626,CMLT06AMC1,143000,0,,,,0,0,,0,,0.5,8.6337,,,,90,,0,,,,0,581,0,,127697.42,70701,,9,,Y,0
96873831,7,1,1,1,11.8,2,67100,66777.27,606,536,679.89,360,0,20,CA,,0,70701,1,,0,335500,,,,2,1,,0,,100,1,1,,11.8,0,,0,,,0,0,0,0,0,0,679.89,0,0,0,,0,0,9,,,,,CORONA,92879,65,0,0,,40627,CMLT06AMC1,335500,3,,,,0,0,,0,,0.5,11.2838,,,,100,,0,,,,0,650,0,,66777.27,70701,,9,,N,0
97461354,7,1,1,2,9.4,2,188720,187323,706,636,1573.11,360,0,80,IL,,0,70701,2,,0,235900,,,,1,1,,0,,100,1,1,,9.4,10,,4.5,,,6,6,1,0,15.4,9.4,1573.11,0,0,0,609,0,2,8,,,,,CHICAGO,60626,31,0,0,,50631,CMLT06AMC1,235900,3,,22,23,45,0.125,,1,709,0.5,8.8837,,,,80,,2,,,,0,692,0,,187323,70701,,8,,N,0
96881198,7,3,1,2,8.85,1,150210,148966.34,706,636,1192.45,360,0,90,FL,,0,70701,2,,0,166900,,,,1,1,,0,,100,1,1,,8.85,10,,6,,,6,6,1,0,14.85,8.85,1192.45,0,0,0,608,0,2,5,,,,,ZEPHYRHILLS,33541,101,0,0,,50624,CMLT06AMC1,166900,0,,10,11,45,0.125,,1,708,0.5,8.3338,,,,90,,2,,,,0,611,0,,148966.34,70701,,5,,Y,0
98275035,7,1,1,1,12.25,1,28200,28094.44,806,736,295.51,360,0,20,NJ,,0,70701,1,,0,141000,,,,2,1,,0,,100,1,1,,12.25,0,,0,,,0,0,0,0,0,0,295.51,0,0,0,,0,0,9,,,,,PLAINFIELD,7060,39,0,0,,60607,CMLT06AMC1,141000,3,,,,0,0,,0,,0.5,11.7338,,,,100,,0,,,,0,704,0,,28094.44,70701,,9,,N,0
97963599,7,1,1,2,8.75,1,89250,88495.88,706,636,702.14,360,0,85,FL,,0,70701,2,,0,105000,,,,1,1,,0,,100,1,1,,8.75,10,,6,,,6,6,1,0,14.75,8.75,702.14,0,0,0,608,0,2,5,,,,,MIRAMAR,33025,11,0,0,,50622,CMLT06AMC1,105000,0,,10,11,45,0.125,,1,708,0.5,8.2338,,,,85,,2,,,,0,591,0,,88495.88,70701,,5,,Y,0
97155238,7,3,3,2,9.3,1,155000,153828.85,706,636,1280.77,360,0,81.58,FL,,0,20701,2,,0,190000,,,,1,1,,0,,100,1,1,,9.3,10,,6,,,6,6,1,0,15.3,9.3,1280.77,0,0,0,609,0,2,8,,,,,HIALEAH,33012,86,0,0,,50615,CMLT06AMC1,0,3,,22,23,45,0.125,,1,709,0.5,8.7837,,,,81.58,,2,,,,0,617,0,,153828.85,20701,,8,,Y,0
97445514,7,3,1,2,8.65,2,142500,141265.95,706,636,1110.89,360,0,95.64,NV,,0,70701,2,,0,149000,,,,1,1,,0,,100,1,1,,8.65,10,,6,,,6,6,1,0,14.65,8.65,1110.89,0,0,0,608,0,2,5,,,,,LAS VEGAS,89115,3,0,0,,50612,CMLT06AMC1,150000,0,,10,11,45,0.125,,1,708,0.5,8.1337,,,,95.64,,2,,,,0,685,0,,141265.95,70701,,5,,Y,0
98427511,7,3,1,2,10.975,1,164241,163431.99,806,736,1561.01,360,0,90,FL,,0,70701,2,,0,182490,,,,1,1,,0,,100,1,1,,10.975,10,,6,,,6,6,1,0,16.975,10.975,1561.01,0,0,0,708,0,2,5,,,,,HOMESTEAD,33033,86,0,0,,60626,CMLT06AMC1,182490,3,,11,12,45,0.125,,1,808,0.5,10.4588,,,,90,,2,,,,0,619,0,,163431.99,70701,,5,,Y,0
85818011,7,3,3,2,8.55,1,198000,196258.55,706,636,1529.48,360,0,90,FL,,0,70701,2,,0,220000,,,,1,1,,0,,100,1,1,,8.55,10,,6,,,6,6,1,0,14.55,8.55,1529.48,0,0,0,608,0,2,5,,,,,MIAMI,33172,86,0,0,,50630,CMLT06AMC1,0,0,,10,11,45,0.125,,1,708,0.5,8.0337,,,,90,,2,,,,0,633,0,,196258.55,70701,,5,,Y,0
98610116,7,2,1,2,7.3,2,215920,215920,806,736,1313.52,360,0,80,FL,,0,70701,2,,0,269900,,,,1,1,,0,,100,2,4,,7.3,10,,6,,,6,6,1,0,13.3,7.3,1313.52,0,0,0,708,0,2,17,,,,,ORLANDO,32835,95,0,0,,60607,CMLT06AMC1,269900,0,,11,12,45,0.125,,1,808,0.5,6.7838,,,,80,,2,,,,0,708,0,,215920,70701,,17,,Y,0
97978910,7,1,1,2,7.85,2,147232,146636.35,806,736,1007.19,360,0,80,MI,,0,70701,2,,0,184040,,,,1,1,,0,,100,1,1,,7.85,10,,6,,,6,6,1,0,13.85,7.85,1007.19,0,0,0,708,0,2,22,,,,,STERLING HE,48312,99,0,0,,60605,CMLT06AMC1,184820,3,,11,12,45,0.125,,1,808,0.5,7.3338,,,,80,,2,,,,0,674,0,,146636.35,70701,,22,,Y,0
98065030,7,1,1,2,7.875,2,156000,156000,706,636,1023.75,360,0,80,CA,,0,70701,2,,0,195000,,,,1,1,,0,,100,2,4,,7.875,10,,6,,,6,6,1,0,13.875,7.875,1023.75,0,0,0,608,0,2,17,,,,,LOMA LINDA,92373,71,0,0,,50631,CMLT06AMC1,195000,0,,10,11,45,0.125,,1,708,0.5,7.3587,,,,80,,2,,,,0,664,0,,156000,70701,,17,,Y,0
98592710,24,1,3,2,10.1,1,162000,160969.46,806,736,1433.66,360,0,90,MN,,0,70701,2,,0,180000,,,,1,1,,0,,100,1,1,,10.1,10,,6,,,6,6,1,0,16.1,10.1,1433.66,0,0,0,708,0,2,5,,,,,FARMINGTON,55024,37,0,0,,60609,CMLT06AMC1,0,3,,11,12,45,0.125,,1,808,0.5,9.5838,,,,90,,2,,,,0,556,0,,160969.46,70701,,5,,Y,0
85981538,24,3,1,2,7.7,1,244000,241649.34,806,736,1739.63,360,0,80,UT,,0,70701,2,,0,305000,,,,1,1,,0,,100,1,1,,7.7,10,,6,,,6,6,1,0,13.7,7.7,1739.63,0,0,0,708,0,2,5,,,,,HERRIMAN,84065,35,0,0,,60615,CMLT06AMC1,305000,0,,11,12,45,0.125,,1,808,0.5,7.1837,,,,80,,2,,,,0,646,0,,241649.34,70701,,5,,Y,0
98645039,24,1,1,1,7.8,1,128700,128171.92,806,736,875.61,360,0,90,TX,,0,70701,1,,0,143000,,,,1,1,,0,,100,1,1,,7.8,0,,0,,,0,0,0,0,0,0,875.61,0,0,0,,0,0,23,,,,,GRAND PRAIR,75052,113,0,0,,60609,CMLT06AMC1,143000,3,,,,0,0,,0,,0.5,7.2838,,,,90,,0,,,,0,696,0,,128171.92,70701,,23,,Y,0
98660517,24,1,2,2,7.6,1,148800,147197.37,806,736,1050.64,360,0,80,IL,,0,70701,2,,0,186000,,,,1,1,,0,,100,1,1,,7.6,10,,4.5,,,6,6,1,0,13.6,7.6,1050.64,0,0,0,709,0,2,8,,,,,ROMEOVILLE,60446,197,0,0,,60608,CMLT06AMC1,0,0,,23,24,45,0.125,,1,809,0.5,7.0838,,,,80,,2,,,,0,687,0,,147197.37,70701,,8,,N,0
97949192,24,1,1,2,8.05,2,202000,201304.95,806,736,1350.42,360,0,80,AZ,,0,60701,2,,0,252500,,,,1,1,,0,,100,2,4,,8.05,10,,6,,,6,6,1,0,14.05,8.05,1355.09,0,0,0,708,0,2,17,,,,,TUCSON,85757,19,0,0,,60608,CMLT06AMC1,252500,0,,11,12,45,0.125,,1,808,0.5,7.5338,,,,80,,2,,,,0,686,0,,201304.95,60701,,17,,Y,0
95774071,24,3,1,2,8.375,1,356093,352605.74,606,536,2706.57,360,0,95,CO,,0,70701,2,,0,374835,,,,1,1,,0,,100,1,1,,8.375,10,,6,,,6,6,1,0,14.375,8.375,2706.57,0,0,0,508,0,2,5,,,,,COLORADO SP,80920,41,0,0,,40620,CMLT06AMC1,374835,3,,9,10,45,0.125,,1,608,0.5,7.8587,,,,95,,2,,,,0,776,0,,352605.74,70701,,5,,Y,0
97583918,24,1,3,1,6.3,1,162000,159794.37,706,636,1002.74,360,0,64.29,FL,,0,70701,1,,0,252000,,,,1,1,,0,,100,1,1,,6.3,0,,0,,,0,0,0,0,0,0,1002.74,0,0,0,,0,0,9,,,,,MIAMI LAKES,33014,86,0,0,,50623,CMLT06AMC1,0,0,,,,0,0,,0,,0.5,5.7838,,,,64.29,,0,,,,0,682,0,,159794.37,70701,,9,,Y,0
98525074,24,1,1,2,7.1,2,279920,279920,806,736,1656.19,360,0,80,NV,,0,60701,2,,0,349900,,,,1,1,,0,,100,2,4,,7.1,10,,6,,,6,6,1,0,13.1,7.1,1656.2,0,0,0,708,0,2,17,,,,,HENDERSON,89044,3,0,0,,60607,CMLT06AMC1,349900,0,,11,12,45,0.125,,1,808,0.5,6.5838,,,,80,,2,,,,0,698,0,,279920,60701,,17,,Y,0
95967030,24,1,1,1,12.2,2,117800,117280.32,606,536,1229.88,360,10,20,FL,,0,120601,1,,0,589000,,,,2,1,,0,,100,1,1,,12.2,0,,0,,,0,0,0,0,0,0,1229.88,0,0,0,,0,0,9,,,,,TAMPA,33615,57,0,0,,40620,CMLT06AMC1,589000,0,,,,0,0,,0,,0.5,11.6838,,,,100,,0,,,,0,600,0,,117280.32,120601,,9,,N,0
86008497,24,3,1,2,9.35,2,270000,268132.37,806,736,2240.82,360,0,90,TX,,0,80701,2,,0,300000,,,,1,1,,0,,100,1,1,,9.35,10,,6,,,6,6,1,0,15.35,9.35,2240.82,0,0,0,709,0,2,8,,,,,FRISCO,75034,121,0,0,,60612,CMLT06AMC1,300000,3,,23,24,45,0.125,,1,809,0.5,8.8338,,,,90,,2,,,,0,665,0,,268132.37,80701,,8,,N,0
97375836,24,1,1,2,9.45,2,472500,469037.9,706,636,3955.82,360,10,90,TX,,0,30701,2,,0,525000,,,,1,1,,0,,100,1,1,,9.45,10,,6,,,6,6,1,0,15.45,9.45,3955.82,0,0,0,609,0,2,8,,,,,MANSFIELD,76063,439,0,0,,50624,CMLT06AMC1,525000,0,,22,23,45,0.125,,1,709,0.5,8.9337,,,,90,,2,,,,0,542,0,,469037.9,30701,,8,,Y,0
97715957,24,1,1,2,9.1,1,98800,98022.39,706,636,802.09,360,0,95,AZ,,0,70701,2,,0,104000,,,,1,1,,0,,100,1,1,,9.1,10,,6,,,6,6,1,0,15.1,9.1,802.09,0,0,0,608,0,2,5,,,,,PHOENIX,85033,13,0,0,,50624,CMLT06AMC1,104000,0,,10,11,45,0.125,,1,708,0.5,8.5838,,,,95,,2,,,,0,693,0,,98022.39,70701,,5,,Y,0
97486237,24,1,3,2,7.35,1,255000,253632.38,706,636,1649.89,360,0,70.83,CA,,0,70701,2,,0,360000,,,,1,1,,0,,100,1,1,,7.35,10,,6,,,6,6,1,0,13.35,7.35,1649.89,0,0,0,608,0,2,22,,,,,CHINO,91710,71,0,0,,50624,CMLT06AMC1,0,0,,10,11,45,0.125,,1,708,0.5,6.8338,,,,70.83,,2,,,,0,578,0,,253632.38,70701,,22,,Y,0
98204472,24,1,3,2,8.65,1,199750,198028.21,706,636,1557.19,360,0,85,PA,,0,70701,2,,0,235000,,,,1,1,,0,,100,1,1,,8.65,10,,6,,,6,6,1,0,14.65,8.65,1557.19,0,0,0,608,0,2,5,,,,,PHILADELPHI,19154,101,0,0,,50630,CMLT06AMC1,0,0,,10,11,45,0.125,,1,708,0.5,8.1337,,,,85,,2,,,,0,520,0,,198028.21,70701,,5,,Y,0
98450034,24,1,2,2,7.25,1,406500,404554.15,806,736,2600.27,360,10,77.95,GA,,0,30701,2,,0,521500,,,,1,1,,0,,100,1,1,,7.25,10,,6,,,6,6,1,0,13.25,7.25,2600.27,0,0,0,709,0,2,0,,,,,FAYETTEVILL,30215,113,0,0,,60620,CMLT06AMC1,0,3,,23,24,45,0.125,,1,809,0.5,6.7337,,,,77.95,,2,,,,0,633,0,,404554.15,30701,,0,,N,0
85817534,24,1,3,2,7.387,1,348000,348000,806,736,2142.23,360,0,84.88,FL,,0,40701,2,,0,410000,,,,1,1,,0,,100,2,4,,7.387,10,,6,,,6,6,1,0,13.387,7.387,2142.23,0,0,0,709,0,2,18,,,,,LAKE WORTH,33467,99,0,0,,60607,CMLT06AMC1,0,0,,23,24,45,0.125,,1,809,0.5,6.8708,,,,84.88,,2,,,,0,664,0,,348000,40701,,18,,Y,0
97941512,24,1,3,2,8.85,1,203280,203280,706,636,1499.19,360,0,84,AZ,,0,70701,2,,0,242000,,,,1,1,,0,,100,2,4,,8.85,10,,6,,,6,6,1,0,14.85,8.85,1499.19,0,0,0,608,0,2,17,,,,,PHOENIX,85043,13,0,0,,50623,CMLT06AMC1,0,0,,10,11,45,0.125,,1,708,0.5,8.3338,,,,84,,2,,,,0,628,0,,203280,70701,,17,,Y,0
99426439,24,2,1,2,8.49,1,304200,304200,806,736,2152.22,360,0,89.97,AZ,,0,70701,2,,0,338095,,,,1,1,,0,,100,2,4,,8.49,10,,6,,,6,6,1,0,14.49,8.49,2152.22,0,0,0,708,0,2,17,,,,,SURPRISE,85374,13,0,0,,60628,CMLT06AMC1,338095,3,,11,12,45,0.125,,1,808,0.5,7.9737,,,,89.97,,2,,,,0,703,0,,304200,70701,,17,,N,0
98148513,24,1,1,2,8.65,2,367200,364266.31,806,736,2862.58,360,0,80,FL,,0,70701,2,,0,459000,,,,1,1,,0,,100,1,1,,8.65,10,,6,,,6,6,1,0,14.65,8.65,2862.58,0,0,0,708,0,2,5,,,,,PEMBROKE PI,33028,11,0,0,,60608,CMLT06AMC1,459000,0,,11,12,45,0.125,,1,808,0.5,8.1337,,,,80,,2,,,,0,595,0,,364266.31,70701,,5,,Y,0
